{
  "soare": 9.991507089832997,
  "clint": 9.869799701221217,
  "hello": 9.231090402632812
}